Nazwa instancji,data3.txt
Wynik optymalny,149
Sredni czas wykonania,114861
Sredni blad bezwzgledny,0
Sredni blad wzgledny,0
Numer proby,Czas wykonania
1,0.00603531
2,0.00592905
3,0.00588006
4,0.00583462
5,0.00583868
6,0.00586548
7,0.00589488
8,0.00591187
9,0.00591873
10,0.00590483
